Dish,Category,Today,Limit,id
Andhra Avakaya (Mango) Pachadi,Pickles,,,avakaya
Gongura Pachadi,Pickles,,,gongura-pachadi
Andhra Tomato Thokku Pachadi,Pickles,,,tomato-thokku
Usirikaya Pachadi,Pickles,,,usirikaya
Homestyle Allam Pachadi,Pickles,,,allam
Boneless Spiced Chicken Pickle,Pickles,,,chicken-pickle
Coastal Spiced Prawns Pachadi,Pickles,,,prawns-pachadi
Traditional Idli Milagai Podi,Podis,,,idli-podi
Nallakaram,Podis,,,nallakaram
Karivepaku Podi,Podis,,,karivepaku
Kandi Podi,Podis,,,kandi
Neyyi Sunnundalu,Sweets,,,sunnundalu
Neyyi Ariselu,Sweets,,,ariselu
Kobbari Laddu,Sweets,,,kobbari
Nuvvula Chimmili Undalu,Sweets,,,nuvvula
Gongura Chicken Curry,Pre-order curries,,,gongura-chicken
Telangana Natu Kodi Curry,Pre-order curries,,,natu-kodi
Homestyle Andhra Mutton Curry,Pre-order curries,,,mutton
Andhra Royyala Iguru,Pre-order curries,,,royyala
Traditional Andhra Rice Chekkalu,Savories,,,chekkalu
Crispy Gavvalu,Savories,,,gavvalu
Special Multigrain Booster Batter,Fresh batters,,,multigrain-batter
Traditional Cultured Idli/Dosa Batter,Fresh batters,,,idli-batter
